SET SQL_MODE = "NO_AUTO_VALUE_ON_ZERO";

CREATE TABLE categories (
  id int(10) UNSIGNED NOT NULL,
  name varchar(100) COLLATE utf8mb4_unicode_ci NOT NULL,
  slug varchar(100) COLLATE utf8mb4_unicode_ci NOT NULL,
  created_at datetime NOT NULL DEFAULT CURRENT_TIMESTAMP
) ENGINE=InnoDB DEFAULT CHARSET=utf8mb4 COLLATE=utf8mb4_unicode_ci;

INSERT INTO categories (id, name, slug, created_at) VALUES
(3, 'Teknologi', 'teknologi', '2026-03-07 10:19:58'),
(4, 'Seni', 'seni', '2026-03-07 10:19:58'),
(5, 'Lainnya', 'lainnya', '2026-03-07 10:19:58'),
(6, 'Mushola', 'mushola', '2026-03-07 11:33:15'),
(7, 'Sanlat Ramadhan', 'sanlat-ramadhan', '2026-03-09 13:36:04'),
(8, 'Piket', 'piket', '2026-03-10 00:04:00'),
(9, 'PHBI', 'phbi', '2026-04-01 00:36:45'),
(11, 'Prestasi', 'prestasi', '2026-04-01 07:04:30'),
(12, 'Dinas', 'dinas', '2026-04-01 07:04:39'),
(13, 'Kepanitiaan', 'kepanitiaan', '2026-04-06 02:11:47');

CREATE TABLE photos (
  id int(10) UNSIGNED NOT NULL,
  user_id int(10) UNSIGNED NOT NULL DEFAULT '0' COMMENT '0 untuk guest/tamu',
  username varchar(50) COLLATE utf8mb4_unicode_ci NOT NULL,
  title varchar(255) COLLATE utf8mb4_unicode_ci NOT NULL,
  description text COLLATE utf8mb4_unicode_ci,
  category varchar(100) COLLATE utf8mb4_unicode_ci DEFAULT NULL COMMENT 'kategori ID(s) dipisahkan koma',
  filename varchar(255) COLLATE utf8mb4_unicode_ci NOT NULL,
  filepath varchar(500) COLLATE utf8mb4_unicode_ci NOT NULL,
  is_private tinyint(1) NOT NULL DEFAULT '0' COMMENT '0=public, 1=private',
  views int(10) UNSIGNED NOT NULL DEFAULT '0',
  batch_id varchar(50) COLLATE utf8mb4_unicode_ci DEFAULT NULL COMMENT 'group ID untuk batch upload',
  created_at datetime NOT NULL DEFAULT CURRENT_TIMESTAMP,
  file_hash varchar(32) COLLATE utf8mb4_unicode_ci DEFAULT NULL COMMENT 'MD5 hash untuk deteksi duplikasi',
  album_id varchar(50) COLLATE utf8mb4_unicode_ci DEFAULT NULL,
  album_title varchar(255) COLLATE utf8mb4_unicode_ci DEFAULT NULL,
  photo_label varchar(255) COLLATE utf8mb4_unicode_ci DEFAULT NULL
) ENGINE=InnoDB DEFAULT CHARSET=utf8mb4 COLLATE=utf8mb4_unicode_ci;

INSERT INTO photos (id, user_id, username, title, description, category, filename, filepath, is_private, views, batch_id, created_at, file_hash, album_id, album_title, photo_label) VALUES
(3, 3, 'suhermanto', 'Sanlat Ramadhan', 'H1-XITKJ2', '7', '1000253042_09-03-2026_20.38.jpg', 'upload/foto/2026/03/sanlat-ramadhan/sanlat-ramadhan/1000253042_09-03-2026_20.38.jpg', 1, 7, 'batch_69aecd4c6f28f', '2026-03-09 13:38:21', 'f0b968ea4e144c5391ee26f9dc924b1a', NULL, NULL, NULL),
(4, 3, 'suhermanto', 'Sanlat Ramadhan', 'H1-XITKJ2', '7', '1000253047_09-03-2026_20.38.jpg', 'upload/foto/2026/03/sanlat-ramadhan/sanlat-ramadhan/1000253047_09-03-2026_20.38.jpg', 1, 9, 'batch_69aecd4c6f28f', '2026-03-09 13:38:22', '73e2957369e1bc3f127a8eac561a27d7', NULL, NULL, NULL),
(5, 3, 'suhermanto', 'Sanlat Ramadhan', 'H1-XITKJ2', '7', '1000252969_09-03-2026_20.38.jpg', 'upload/foto/2026/03/sanlat-ramadhan/sanlat-ramadhan/1000252969_09-03-2026_20.38.jpg', 1, 10, 'batch_69aecd4c6f28f', '2026-03-09 13:38:22', 'bf83f94f5ae862889b4b7a1c19ee0941', NULL, NULL, NULL),
(6, 3, 'suhermanto', 'Sanlat Ramadhan', 'H1-XITKJ2', '7', '1000252970_09-03-2026_20.38.jpg', 'upload/foto/2026/03/sanlat-ramadhan/sanlat-ramadhan/1000252970_09-03-2026_20.38.jpg', 1, 18, 'batch_69aecd4c6f28f', '2026-03-09 13:38:23', '843c7d56d2b3455fb58abba5de74ed1e', NULL, NULL, NULL),
(15, 0, 'Suhermanto', 'XITKJ-2', 'Sanlat H1h', '7', '1000252976_10-03-2026_06.29.jpg', 'upload/foto/2026/03/sanlat-ramadhan/xitkj-2/1000252976_10-03-2026_06.29.jpg', 1, 8, 'batch_69af57c448807', '2026-03-09 23:29:09', '3a91b140abbc1df7ac969e6976790a67', NULL, NULL, NULL),
(16, 0, 'Suhermanto', 'XITKJ-2s', 'Sanlat H1', '7', '1000252975_10-03-2026_06.29.jpg', 'upload/foto/2026/03/sanlat-ramadhan/xitkj-2/1000252975_10-03-2026_06.29.jpg', 1, 8, 'batch_69af57c448807', '2026-03-09 23:29:09', '1e1b6d7c389085bac0759e86a2df8e8c', NULL, NULL, NULL),
(17, 3, 'suhermanto', 'Piket Guru', 'Piket Hari Jumat', '8', '1000254772_14-03-2026_17.54.jpg', 'upload/foto/2026/03/piket/piket-guru/1000254772_14-03-2026_17.54.jpg', 0, 9, 'batch_69b53e4f5e816', '2026-03-14 10:54:07', '660a0fa4e30458ee429b90179a4364e3', NULL, NULL, NULL),
(18, 3, 'suhermanto', 'Piket Guru', 'Piket Hari Jumat', '8', '1000254775_14-03-2026_17.54.jpg', 'upload/foto/2026/03/piket/piket-guru/1000254775_14-03-2026_17.54.jpg', 0, 14, 'batch_69b53e4f5e816', '2026-03-14 10:54:08', '11bb3bfff4b2ac13d141991bddc4ba23', NULL, NULL, NULL),
(19, 1, 'admin', 'Sambut Siswa', 'Minggu awal pasca lebaran 2026', '8', '1000262555_01-04-2026_07.38.jpg', 'upload/foto/2026/04/piket/sambut-siswa/1000262555_01-04-2026_07.38.jpg', 0, 8, 'batch_69cc691535282', '2026-04-01 00:38:45', 'e323bcbd6d32495c8b971c8ff7033c72', NULL, NULL, NULL),
(20, 1, 'admin', 'Sambut Siswa', 'Minggu awal pasca lebaran 2026', '8', '1000262554_01-04-2026_07.38.jpg', 'upload/foto/2026/04/piket/sambut-siswa/1000262554_01-04-2026_07.38.jpg', 0, 4, 'batch_69cc691535282', '2026-04-01 00:38:45', 'a2da49672e9194ef2e33e8efc9f4d4a3', NULL, NULL, NULL),
(21, 1, 'admin', 'Haul Sultan Banten', 'Masjib Agung Banten Lama', '9', '1000262563_01-04-2026_07.40.jpg', 'upload/foto/2026/04/phbi/haul-sultan-banten/1000262563_01-04-2026_07.40.jpg', 0, 8, 'batch_69cc698d91803', '2026-04-01 00:40:45', '9f9295c5390165fe1482a61c3b6a5d27', NULL, NULL, NULL),
(22, 1, 'admin', 'Haul Sultan Banten', 'Masjib Agung Banten Lama', '9', '1000262558_01-04-2026_07.40.jpg', 'upload/foto/2026/04/phbi/haul-sultan-banten/1000262558_01-04-2026_07.40.jpg', 0, 11, 'batch_69cc698d91803', '2026-04-01 00:40:47', 'f87a601169328513b8ab9f03bd806a7e', NULL, NULL, NULL),
(23, 1, 'admin', 'Haul Sultan Banten', 'Masjib Agung Banten Lama', '9', '1000262556_01-04-2026_07.40.jpg', 'upload/foto/2026/04/phbi/haul-sultan-banten/1000262556_01-04-2026_07.40.jpg', 0, 11, 'batch_69cc698d91803', '2026-04-01 00:40:47', '32a3e4b16a3a05770ea2cea5d7498bac', NULL, NULL, NULL),
(24, 4, 'suparno', 'USP 2026', '', '13', '1000262681_01-04-2026_10.35.jpg', 'upload/foto/2026/04/kepanitiasn/usp-2026/1000262681_01-04-2026_10.35.jpg', 0, 6, 'batch_69cc927ba067b', '2026-04-01 03:35:23', 'dcfb6e267216f6e7c57855ba2580e787', NULL, NULL, NULL),
(25, 4, 'suparno', 'USP 2026', '', '13', '1000262680_01-04-2026_10.35.jpg', 'upload/foto/2026/04/kepanitiasn/usp-2026/1000262680_01-04-2026_10.35.jpg', 0, 4, 'batch_69cc927ba067b', '2026-04-01 03:35:23', '2510a7e49890814045ef3e5663e003e2', NULL, NULL, NULL),
(26, 4, 'suparno', 'USP 2026', '', '13', '1000262677_01-04-2026_10.35.jpg', 'upload/foto/2026/04/kepanitiasn/usp-2026/1000262677_01-04-2026_10.35.jpg', 0, 7, 'batch_69cc927ba067b', '2026-04-01 03:35:24', 'fbc22783f0d4879688534a86d6d3e643', NULL, NULL, NULL),
(27, 4, 'suparno', 'USP 2026', '', '13', '1000262682_01-04-2026_10.35.jpg', 'upload/foto/2026/04/kepanitiasn/usp-2026/1000262682_01-04-2026_10.35.jpg', 0, 5, 'batch_69cc927ba067b', '2026-04-01 03:35:24', '9f6b1963349e517ec2f5a825ff506776', NULL, NULL, NULL),
(29, 3, 'suhermanto', 'Sekdis 2026', '', '5', '1000262737_01-04-2026_12.45.jpg', 'upload/foto/2026/04/lainnya/sekdis-2026/1000262737_01-04-2026_12.45.jpg', 1, 6, 'batch_69ccb0fe08503', '2026-04-01 05:45:34', '30440c5428433c8c5e0c6dbfa3d993d4', NULL, NULL, NULL),
(30, 3, 'suhermanto', 'Congratulation-Sekdisdindikbud 2026', '', '5', 'Selamat dan Sukses Sekretaris Dindik Bud Prov Banten_01-04-2026_13.09.png', 'upload/foto/2026/04/lainnya/congratulation-sekdisdindikbud-2026/Selamat dan Sukses Sekretaris Dindik Bud Prov Banten_01-04-2026_13.09.png', 0, 4, 'batch_69ccb6a7356b2', '2026-04-01 06:09:45', '4f25f222e95790b95af9d418eb22c7d9', NULL, NULL, NULL),
(32, 3, 'suhermanto', 'Congrate', '', '5', 'Selamat dan Sukses DindikBudProvBanten 2_01-04-2026_13.32.png', 'upload/foto/2026/04/lainnya/congrate/Selamat dan Sukses DindikBudProvBanten 2_01-04-2026_13.32.png', 1, 2, 'batch_69ccbbfc71b36', '2026-04-01 06:32:30', 'b9a76ae8f7484c3a191229fcb0fb1a5b', NULL, NULL, NULL),
(33, 3, 'suhermanto', 'Foto SNBP', '', '5', '1000262607_01-04-2026_13.53.jpg', 'upload/foto/2026/04/lainnya/foto-snbp/1000262607_01-04-2026_13.53.jpg', 1, 2, 'batch_69ccc0fb509be', '2026-04-01 06:53:47', 'd3ac8730c4da396529fb8a00c94fcc40', NULL, NULL, NULL),
(34, 3, 'suhermanto', 'Foto SNBP', '', '5', '1000262605_01-04-2026_13.53.jpg', 'upload/foto/2026/04/lainnya/foto-snbp/1000262605_01-04-2026_13.53.jpg', 1, 2, 'batch_69ccc0fb509be', '2026-04-01 06:53:47', '8cff1bae19b64cfd45146fe9f5565c77', NULL, NULL, NULL),
(35, 3, 'suhermanto', 'Foto SNBP', '', '5', '1000262603_01-04-2026_13.53.jpg', 'upload/foto/2026/04/lainnya/foto-snbp/1000262603_01-04-2026_13.53.jpg', 1, 1, 'batch_69ccc0fb509be', '2026-04-01 06:53:47', 'c39eb53c8f60a692134dbc6255dad125', NULL, NULL, NULL),
(37, 3, 'suhermanto', 'Sekdis', '', '12', 'Rachmat_Tamam__S.E__M.M-removebg-preview_01-04-2026_15.55.png', 'upload/foto/2026/04/dinas/sekdis/Rachmat_Tamam__S.E__M.M-removebg-preview_01-04-2026_15.55.png', 1, 1, 'batch_69ccdd981cad4', '2026-04-01 08:55:52', '3c279bd655db941dec973ae370e9244c', NULL, NULL, NULL),
(38, 3, 'suhermanto', 'Lulus SNBP 2026', '', '11', 'Selamat Lulus Seksi SNBP 2026_01-04-2026_16.01.png', 'upload/foto/2026/04/prestasi/lulus-snbp-2026/Selamat Lulus Seksi SNBP 2026_01-04-2026_16.01.png', 0, 0, 'batch_69ccdf0653e58', '2026-04-01 09:02:00', '4210df52059e6ca750397aeced2b771d', NULL, NULL, NULL),
(39, 3, 'suhermanto', 'Spek Laptop Liberi (Merah-Putih)', 'Laptop Bantuan ', '12', 'Laptop_02-04-2026_11.33.png', 'upload/foto/2026/04/dinas/spek-laptop/Laptop_02-04-2026_11.33.png', 1, 6, 'batch_69cdf1a676459', '2026-04-02 04:33:42', 'eee937f2e158d579c86b215c198c0269', NULL, NULL, NULL),
(40, 3, 'suhermanto', 'Spek Laptop Liberi (Merah-Putih)', 'Laptop Bantuan ', '12', 'SSD_02-04-2026_11.33.png', 'upload/foto/2026/04/dinas/spek-laptop/SSD_02-04-2026_11.33.png', 1, 2, 'batch_69cdf1a676459', '2026-04-02 04:33:42', 'bd2410b72424fd45866c85e91e0b6e9e', NULL, NULL, NULL),
(42, 3, 'suhermanto', 'SAJ Rev 2026', '', '13', 'SAJ-2026_rev_05-04-2026_19.37.png', 'upload/foto/2026/04/kepanitiasn/saj-rev-2026/SAJ-2026_rev_05-04-2026_19.37.png', 0, 12, 'batch_69d25787aa142', '2026-04-05 12:37:28', 'de225b2dbefe35176d42f57193a04e0b', NULL, NULL, NULL),
(43, 12, 'ahmad', 'Sumatif Akhir Jenjang (SAJ)', 'Kegiatan SAJ 2026', '13', '1000388811_06-04-2026_14.42.jpg', 'upload/foto/2026/04/kepanitiaan/sumatif-akhir-jenjang-saj-/1000388811_06-04-2026_14.42.jpg', 0, 5, 'batch_69d36401a6e34', '2026-04-06 07:42:57', '90472853d88feafb0319f931822b2a94', NULL, NULL, NULL),
(44, 12, 'ahmad', 'Sumatif Akhir Jenjang (SAJ)', 'Kegiatan SAJ 2026', '13', '1000388818_06-04-2026_14.42.jpg', 'upload/foto/2026/04/kepanitiaan/sumatif-akhir-jenjang-saj-/1000388818_06-04-2026_14.42.jpg', 0, 17, 'batch_69d36401a6e34', '2026-04-06 07:42:58', 'da401f5ae7c5583997de6b21191bc5d1', NULL, NULL, NULL),
(45, 12, 'ahmad', 'Sumatif Akhir Jenjang (SAJ)', 'Kegiatan SAJ 2026', '13', '1000388823_06-04-2026_14.42.jpg', 'upload/foto/2026/04/kepanitiaan/sumatif-akhir-jenjang-saj-/1000388823_06-04-2026_14.42.jpg', 0, 9, 'batch_69d36401a6e34', '2026-04-06 07:42:58', 'f7463f607662db340aed102d7f0e2236', NULL, NULL, NULL),
(46, 12, 'ahmad', 'Sumatif Akhir Jenjang (SAJ)', 'Kegiatan SAJ 2026', '13', '1000388829_06-04-2026_14.42.jpg', 'upload/foto/2026/04/kepanitiaan/sumatif-akhir-jenjang-saj-/1000388829_06-04-2026_14.42.jpg', 0, 8, 'batch_69d36401a6e34', '2026-04-06 07:42:58', 'db4e890d4d48f7c9bc8840b683e224eb', NULL, NULL, NULL),
(47, 12, 'ahmad', 'Sumatif Akhir Jenjang (SAJ)', 'Kegiatan SAJ 2026', '13', '1000388834_06-04-2026_14.42.jpg', 'upload/foto/2026/04/kepanitiaan/sumatif-akhir-jenjang-saj-/1000388834_06-04-2026_14.42.jpg', 0, 5, 'batch_69d36401a6e34', '2026-04-06 07:42:58', 'ac9affaccac77749ac9735513f42d76d', NULL, NULL, NULL),
(51, 3, 'suhermanto', 'SAJ Rev 2026', 'sds', '13', 'SAJ-2026_05-04-2026_18.36_06-04-2026_21.27.png', 'upload/foto/2026/04/kepanitiasn/saj-rev-2026/SAJ-2026_05-04-2026_18.36_06-04-2026_21.27.png', 0, 8, 'batch_69d25787aa142', '2026-04-06 14:27:05', '2a94175ea1aae2b7d9d3efc8dfab5c38', 'batch_69d25787aa142', 'SAJ Rev 2026', NULL);

CREATE TABLE photo_edits (
  id int(10) UNSIGNED NOT NULL,
  photo_id int(10) UNSIGNED NOT NULL,
  editor_id int(10) UNSIGNED NOT NULL,
  editor_name varchar(50) COLLATE utf8mb4_unicode_ci NOT NULL,
  field_name varchar(50) COLLATE utf8mb4_unicode_ci NOT NULL,
  old_value text COLLATE utf8mb4_unicode_ci,
  new_value text COLLATE utf8mb4_unicode_ci,
  created_at datetime NOT NULL DEFAULT CURRENT_TIMESTAMP
) ENGINE=InnoDB DEFAULT CHARSET=utf8mb4 COLLATE=utf8mb4_unicode_ci;

INSERT INTO photo_edits (id, photo_id, editor_id, editor_name, field_name, old_value, new_value, created_at) VALUES
(1, 42, 3, 'suhermanto', 'title', 'SAJ Rev 2026', 'SAJ Rev 2026', '2026-04-06 13:29:58'),
(2, 44, 12, 'ahmad', 'title', 'Sumatif Akhir Jenjang (SAJ)', 'Sumatif Akhir Jenjang (SAJ)', '2026-04-06 13:30:39'),
(3, 44, 12, 'ahmad', 'title', 'Sumatif Akhir Jenjang (SAJ)', 'Sumatif Akhir Jenjang (SAJ)', '2026-04-06 13:31:17'),
(4, 20, 1, 'admin', 'title', 'Sambut Siswa', 'Sambut Siswa', '2026-04-06 13:44:18'),
(5, 20, 1, 'admin', 'title', 'Sambut Siswa', 'Sambut Siswa', '2026-04-06 13:44:23'),
(6, 20, 1, 'admin', 'title', 'Sambut Siswa', 'Sambut Siswa', '2026-04-06 13:45:01'),
(7, 39, 3, 'suhermanto', 'is_private', '0', '1', '2026-04-06 13:48:05'),
(8, 40, 3, 'suhermanto', 'is_private', '0', '1', '2026-04-06 13:48:05'),
(9, 39, 3, 'suhermanto', 'title', 'Spek Laptop', 'Spek Laptop', '2026-04-06 13:48:38'),
(10, 39, 3, 'suhermanto', 'title', 'Spek Laptop', 'Spek Laptop Liberi (Merah-Putih)', '2026-04-06 13:49:04'),
(11, 39, 3, 'suhermanto', 'description', '', 'Laptop Bantuan ', '2026-04-06 13:49:04'),
(12, 39, 3, 'suhermanto', 'is_private', '1', '1', '2026-04-06 13:49:04'),
(13, 40, 3, 'suhermanto', 'title', 'Spek Laptop', 'Spek Laptop Liberi (Merah-Putih)', '2026-04-06 13:49:04'),
(14, 40, 3, 'suhermanto', 'description', '', 'Laptop Bantuan ', '2026-04-06 13:49:04'),
(15, 40, 3, 'suhermanto', 'is_private', '1', '1', '2026-04-06 13:49:04'),
(16, 42, 3, 'suhermanto', 'title', 'SAJ Rev 2026', 'SAJ Rev 2026', '2026-04-06 14:02:46'),
(17, 51, 3, 'suhermanto', 'title', 'SAJ Rev 2026', 'SAJ Rev 2026', '2026-04-06 14:49:00'),
(18, 51, 3, 'suhermanto', 'title', 'SAJ Rev 2026', 'H2', '2026-04-06 14:49:14'),
(19, 51, 3, 'suhermanto', 'description', '', 'sds', '2026-04-06 14:49:14'),
(20, 42, 3, 'suhermanto', 'title', 'SAJ Rev 2026', 'SAJ Rev 2026', '2026-04-06 14:49:48'),
(21, 51, 3, 'suhermanto', 'title', 'H2', 'SAJ Rev 2026', '2026-04-06 14:49:56'),
(22, 52, 3, 'suhermanto', 'title', 'SAJ Rev 2026', 'SAJ Rev 2026', '2026-04-06 14:50:00');

CREATE TABLE users (
  id int(10) UNSIGNED NOT NULL,
  username varchar(50) COLLATE utf8mb4_unicode_ci NOT NULL,
  password varchar(255) COLLATE utf8mb4_unicode_ci NOT NULL,
  role enum('user','admin','superadmin') COLLATE utf8mb4_unicode_ci DEFAULT 'user' COMMENT 'superadmin untuk system, admin untuk manajemen',
  created_at datetime NOT NULL DEFAULT CURRENT_TIMESTAMP
) ENGINE=InnoDB DEFAULT CHARSET=utf8mb4 COLLATE=utf8mb4_unicode_ci;

INSERT INTO users (id, username, password, role, created_at) VALUES
(1, 'admin', '$2y$10$mF94LiZ0DTgNUUViuvz9WOvGTUShLFQ5wlB63m10B20Xbgaj0G6xi', 'admin', '2026-03-07 10:19:58'),
(2, 'user', '$2y$10$2ZznNhM6XBmqim2iZFhNreoltxo473fzN5n2rF1S0HggkXU9LxSN2', 'user', '2026-03-07 10:19:58'),
(3, 'suhermanto', '$2y$10$EH9clXn4y.rZLhK5hYKjtetEP9BlzPSXICHL4pIvjvzEgFzcyxn8C', 'user', '2026-03-09 13:35:28'),
(4, 'suparno', '$2y$10$8JfRzTSttm4bNZVXTgV2m.UothPesOTXqAq8A9N65bfha40jxB6bC', 'user', '2026-04-01 03:29:10'),
(5, 'hafidullah', '$2y$10$gfIa239QTeKpL2Uxcgxyb.ghUQSRGMivvl2t9nOmw1eUSpxcH.1N6', 'user', '2026-04-01 03:59:33'),
(6, 'yamsi', '$2y$10$3UwxyytSvef80HdH4g6M9eUXhpjTACfUe8PD8xoEgZU2W71Ba/9hi', 'user', '2026-04-01 03:59:50'),
(7, 'madsani', '$2y$10$AZ4tiU1oSkdabdQNCVbGeeNganqC9530bQAIOjc6oCURMrExDw8fO', 'user', '2026-04-01 04:00:08'),
(8, 'ubedilah', '$2y$10$rGInRkUjd7xnRGIEJP.HEuZuPcn4V5O0hlbVyEg7EAKhliCLlcJv6', 'user', '2026-04-01 04:00:33'),
(9, 'uswatun', '$2y$10$SrS6MWzI.Z.MPymdfS9SmeTabTEfa4bwHCExPhvoDq7M4Nvyu9RqO', 'user', '2026-04-01 04:01:00'),
(10, 'doni', '$2y$10$49tlY5U7bOLQf/Ee9KKL/.8INExvGVrvJR86tXeSrZEcJGPCjdcw.', 'user', '2026-04-01 04:01:18'),
(11, 'hidayat', '$2y$10$dyS2OSAb/g8J/xvGxuDJ.uLmSht6h2QVLL92R9iAU.50t1Q0qZ8c6', 'user', '2026-04-02 08:01:44'),
(12, 'ahmad', '$2y$10$V43p5YT77w3rvNVV13gKVOftx/5UUnjWmhQkECFXMtv4GcJbEaRve', 'user', '2026-04-06 01:54:10');

CREATE TABLE views (
  id int(10) UNSIGNED NOT NULL,
  photo_id int(10) UNSIGNED NOT NULL,
  user_id int(10) UNSIGNED NOT NULL DEFAULT '0' COMMENT '0 untuk guest/tamu',
  ip varchar(45) COLLATE utf8mb4_unicode_ci DEFAULT NULL COMMENT 'IPv4 atau IPv6',
  user_agent varchar(500) COLLATE utf8mb4_unicode_ci DEFAULT NULL,
  created_at datetime NOT NULL DEFAULT CURRENT_TIMESTAMP
) ENGINE=InnoDB DEFAULT CHARSET=utf8mb4 COLLATE=utf8mb4_unicode_ci;

INSERT INTO views (id, photo_id, user_id, ip, user_agent, created_at) VALUES
(1, 6, 3, '157.66.36.150', 'Mozilla/5.0 (Linux; Android 10; K) AppleWebKit/537.36 (KHTML, like Gecko) Chrome/145.0.0.0 Mobile Safari/537.36', '2026-03-09 13:38:28'),
(2, 4, 3, '157.66.36.150', 'Mozilla/5.0 (Linux; Android 10; K) AppleWebKit/537.36 (KHTML, like Gecko) Chrome/145.0.0.0 Mobile Safari/537.36', '2026-03-09 13:38:29'),
(3, 5, 3, '157.66.36.150', 'Mozilla/5.0 (Linux; Android 10; K) AppleWebKit/537.36 (KHTML, like Gecko) Chrome/145.0.0.0 Mobile Safari/537.36', '2026-03-09 13:38:30'),
(4, 3, 3, '157.66.36.150', 'Mozilla/5.0 (Linux; Android 10; K) AppleWebKit/537.36 (KHTML, like Gecko) Chrome/145.0.0.0 Mobile Safari/537.36', '2026-03-09 13:38:30'),
(5, 3, 3, '157.66.36.150', 'Mozilla/5.0 (Linux; Android 10; K) AppleWebKit/537.36 (KHTML, like Gecko) Chrome/145.0.0.0 Mobile Safari/537.36', '2026-03-09 13:38:31'),
(6, 6, 0, '157.66.36.150', 'Mozilla/5.0 (Linux; Android 10; K) AppleWebKit/537.36 (KHTML, like Gecko) Chrome/145.0.0.0 Mobile Safari/537.36', '2026-03-09 13:38:59'),
(7, 4, 0, '157.66.36.150', 'Mozilla/5.0 (Linux; Android 10; K) AppleWebKit/537.36 (KHTML, like Gecko) Chrome/145.0.0.0 Mobile Safari/537.36', '2026-03-09 13:39:01'),
(8, 5, 0, '157.66.36.150', 'Mozilla/5.0 (Linux; Android 10; K) AppleWebKit/537.36 (KHTML, like Gecko) Chrome/145.0.0.0 Mobile Safari/537.36', '2026-03-09 13:39:02'),
(9, 3, 0, '157.66.36.150', 'Mozilla/5.0 (Linux; Android 10; K) AppleWebKit/537.36 (KHTML, like Gecko) Chrome/145.0.0.0 Mobile Safari/537.36', '2026-03-09 13:39:04'),
(10, 6, 0, '157.66.36.150', 'Mozilla/5.0 (Linux; Android 10; K) AppleWebKit/537.36 (KHTML, like Gecko) Chrome/145.0.0.0 Mobile Safari/537.36', '2026-03-09 13:39:05'),
(11, 4, 0, '157.66.36.150', 'Mozilla/5.0 (Linux; Android 10; K) AppleWebKit/537.36 (KHTML, like Gecko) Chrome/145.0.0.0 Mobile Safari/537.36', '2026-03-09 13:39:06'),
(12, 5, 0, '157.66.36.150', 'Mozilla/5.0 (Linux; Android 10; K) AppleWebKit/537.36 (KHTML, like Gecko) Chrome/145.0.0.0 Mobile Safari/537.36', '2026-03-09 13:39:07'),
(13, 5, 0, '157.66.36.150', 'Mozilla/5.0 (Linux; Android 10; K) AppleWebKit/537.36 (KHTML, like Gecko) Chrome/145.0.0.0 Mobile Safari/537.36', '2026-03-09 13:39:10'),
(14, 3, 0, '157.66.36.150', 'Mozilla/5.0 (Linux; Android 10; K) AppleWebKit/537.36 (KHTML, like Gecko) Chrome/145.0.0.0 Mobile Safari/537.36', '2026-03-09 13:39:13'),
(15, 6, 0, '157.66.36.150', 'Mozilla/5.0 (Linux; Android 10; K) AppleWebKit/537.36 (KHTML, like Gecko) Chrome/145.0.0.0 Mobile Safari/537.36', '2026-03-09 13:39:20'),
(16, 6, 0, '157.66.36.150', 'Mozilla/5.0 (Linux; Android 10; K) AppleWebKit/537.36 (KHTML, like Gecko) Chrome/145.0.0.0 Mobile Safari/537.36', '2026-03-09 13:39:39'),
(17, 6, 0, '157.66.36.150', 'Mozilla/5.0 (Linux; Android 10; K) AppleWebKit/537.36 (KHTML, like Gecko) Chrome/145.0.0.0 Mobile Safari/537.36', '2026-03-09 13:40:08'),
(18, 6, 0, '157.66.36.150', 'Mozilla/5.0 (Linux; Android 10; K) AppleWebKit/537.36 (KHTML, like Gecko) Chrome/145.0.0.0 Mobile Safari/537.36', '2026-03-09 13:40:19'),
(19, 4, 0, '157.66.36.150', 'Mozilla/5.0 (Linux; Android 10; K) AppleWebKit/537.36 (KHTML, like Gecko) Chrome/145.0.0.0 Mobile Safari/537.36', '2026-03-09 13:40:20'),
(20, 5, 0, '157.66.36.150', 'Mozilla/5.0 (Linux; Android 10; K) AppleWebKit/537.36 (KHTML, like Gecko) Chrome/145.0.0.0 Mobile Safari/537.36', '2026-03-09 13:40:20'),
(21, 4, 0, '157.66.36.150', 'Mozilla/5.0 (Linux; Android 10; K) AppleWebKit/537.36 (KHTML, like Gecko) Chrome/145.0.0.0 Mobile Safari/537.36', '2026-03-09 13:40:21'),
(22, 6, 0, '157.66.36.150', 'Mozilla/5.0 (Linux; Android 10; K) AppleWebKit/537.36 (KHTML, like Gecko) Chrome/145.0.0.0 Mobile Safari/537.36', '2026-03-09 13:41:22'),
(23, 3, 0, '157.66.36.150', 'Mozilla/5.0 (Linux; Android 10; K) AppleWebKit/537.36 (KHTML, like Gecko) Chrome/145.0.0.0 Mobile Safari/537.36', '2026-03-09 13:41:24'),
(24, 5, 0, '157.66.36.150', 'Mozilla/5.0 (Linux; Android 10; K) AppleWebKit/537.36 (KHTML, like Gecko) Chrome/145.0.0.0 Mobile Safari/537.36', '2026-03-09 13:41:25'),
(25, 4, 0, '157.66.36.150', 'Mozilla/5.0 (Linux; Android 10; K) AppleWebKit/537.36 (KHTML, like Gecko) Chrome/145.0.0.0 Mobile Safari/537.36', '2026-03-09 13:41:25'),
(26, 6, 0, '157.66.36.150', 'Mozilla/5.0 (Linux; Android 10; K) AppleWebKit/537.36 (KHTML, like Gecko) Chrome/145.0.0.0 Mobile Safari/537.36', '2026-03-09 13:41:26'),
(27, 6, 0, '157.66.36.150', 'Mozilla/5.0 (X11; Linux x86_64) AppleWebKit/537.36 (KHTML, like Gecko) Chrome/134.0.0.0 Safari/537.36', '2026-03-09 14:12:28'),
(28, 4, 0, '157.66.36.150', 'Mozilla/5.0 (X11; Linux x86_64) AppleWebKit/537.36 (KHTML, like Gecko) Chrome/134.0.0.0 Safari/537.36', '2026-03-09 14:12:29'),
(29, 5, 0, '157.66.36.150', 'Mozilla/5.0 (X11; Linux x86_64) AppleWebKit/537.36 (KHTML, like Gecko) Chrome/134.0.0.0 Safari/537.36', '2026-03-09 14:12:30'),
(30, 3, 0, '157.66.36.150', 'Mozilla/5.0 (X11; Linux x86_64) AppleWebKit/537.36 (KHTML, like Gecko) Chrome/134.0.0.0 Safari/537.36', '2026-03-09 14:12:31'),
(31, 5, 0, '157.66.36.150', 'Mozilla/5.0 (X11; Linux x86_64) AppleWebKit/537.36 (KHTML, like Gecko) Chrome/134.0.0.0 Safari/537.36', '2026-03-09 14:12:33'),
(32, 6, 0, '157.66.36.150', 'Mozilla/5.0 (X11; Linux x86_64) AppleWebKit/537.36 (KHTML, like Gecko) Chrome/134.0.0.0 Safari/537.36', '2026-03-09 14:47:56'),
(33, 6, 0, '157.66.36.150', 'Mozilla/5.0 (X11; Linux x86_64) AppleWebKit/537.36 (KHTML, like Gecko) Chrome/134.0.0.0 Safari/537.36', '2026-03-09 14:47:57'),
(34, 6, 0, '157.66.36.150', 'Mozilla/5.0 (X11; Linux x86_64) AppleWebKit/537.36 (KHTML, like Gecko) Chrome/134.0.0.0 Safari/537.36', '2026-03-09 14:47:58'),
(35, 6, 0, '157.66.36.150', 'Mozilla/5.0 (X11; Linux x86_64) AppleWebKit/537.36 (KHTML, like Gecko) Chrome/134.0.0.0 Safari/537.36', '2026-03-09 15:13:49'),
(36, 6, 3, '157.66.36.150', 'Mozilla/5.0 (X11; Linux x86_64) AppleWebKit/537.36 (KHTML, like Gecko) Chrome/134.0.0.0 Safari/537.36', '2026-03-09 15:14:07'),
(37, 8, 0, '157.66.36.150', 'Mozilla/5.0 (X11; Linux x86_64) AppleWebKit/537.36 (KHTML, like Gecko) Chrome/134.0.0.0 Safari/537.36', '2026-03-09 15:46:31'),
(38, 6, 0, '157.66.36.150', 'Mozilla/5.0 (X11; Linux x86_64) AppleWebKit/537.36 (KHTML, like Gecko) Chrome/134.0.0.0 Safari/537.36', '2026-03-09 15:46:35'),
(39, 12, 0, '157.66.36.150', 'Mozilla/5.0 (X11; Linux x86_64) AppleWebKit/537.36 (KHTML, like Gecko) Chrome/134.0.0.0 Safari/537.36', '2026-03-09 20:51:29'),
(40, 15, 0, '157.66.36.150', 'Mozilla/5.0 (Linux; Android 10; K) AppleWebKit/537.36 (KHTML, like Gecko) Chrome/145.0.0.0 Mobile Safari/537.36', '2026-03-09 23:29:38'),
(41, 16, 0, '157.66.36.150', 'Mozilla/5.0 (Linux; Android 10; K) AppleWebKit/537.36 (KHTML, like Gecko) Chrome/145.0.0.0 Mobile Safari/537.36', '2026-03-09 23:29:40'),
(42, 16, 0, '157.66.36.150', 'Mozilla/5.0 (Linux; Android 10; K) AppleWebKit/537.36 (KHTML, like Gecko) Chrome/145.0.0.0 Mobile Safari/537.36', '2026-03-09 23:29:41'),
(43, 15, 1, '182.6.163.42', 'Mozilla/5.0 (Linux; Android 10; K) AppleWebKit/537.36 (KHTML, like Gecko) Chrome/145.0.0.0 Mobile Safari/537.36', '2026-03-10 00:03:06'),
(44, 16, 1, '182.6.163.42', 'Mozilla/5.0 (Linux; Android 10; K) AppleWebKit/537.36 (KHTML, like Gecko) Chrome/145.0.0.0 Mobile Safari/537.36', '2026-03-10 00:03:07'),
(45, 15, 1, '182.6.163.42', 'Mozilla/5.0 (Linux; Android 10; K) AppleWebKit/537.36 (KHTML, like Gecko) Chrome/145.0.0.0 Mobile Safari/537.36', '2026-03-10 00:03:10'),
(46, 16, 1, '182.6.163.42', 'Mozilla/5.0 (Linux; Android 10; K) AppleWebKit/537.36 (KHTML, like Gecko) Chrome/145.0.0.0 Mobile Safari/537.36', '2026-03-10 00:03:12'),
(47, 15, 9999, '103.158.209.10', 'Mozilla/5.0 (X11; Linux x86_64; rv:128.0) Gecko/20100101 Firefox/128.0', '2026-03-10 00:50:52'),
(48, 16, 9999, '103.158.209.10', 'Mozilla/5.0 (X11; Linux x86_64; rv:128.0) Gecko/20100101 Firefox/128.0', '2026-03-10 00:50:54'),
(49, 6, 0, '103.158.209.10', 'Mozilla/5.0 (X11; Linux x86_64; rv:128.0) Gecko/20100101 Firefox/128.0', '2026-03-11 04:40:21'),
(50, 4, 0, '103.158.209.10', 'Mozilla/5.0 (X11; Linux x86_64; rv:128.0) Gecko/20100101 Firefox/128.0', '2026-03-11 04:40:22'),
(51, 5, 0, '103.158.209.10', 'Mozilla/5.0 (X11; Linux x86_64; rv:128.0) Gecko/20100101 Firefox/128.0', '2026-03-11 04:40:23'),
(52, 3, 0, '103.158.209.10', 'Mozilla/5.0 (X11; Linux x86_64; rv:128.0) Gecko/20100101 Firefox/128.0', '2026-03-11 04:40:24'),
(53, 15, 0, '103.158.209.10', 'Mozilla/5.0 (X11; Linux x86_64; rv:128.0) Gecko/20100101 Firefox/128.0', '2026-03-11 04:40:27'),
(54, 16, 0, '103.158.209.10', 'Mozilla/5.0 (X11; Linux x86_64; rv:128.0) Gecko/20100101 Firefox/128.0', '2026-03-11 04:40:28'),
(55, 15, 0, '103.158.209.10', 'Mozilla/5.0 (X11; Linux x86_64; rv:128.0) Gecko/20100101 Firefox/128.0', '2026-03-11 04:40:29'),
(56, 16, 0, '103.158.209.10', 'Mozilla/5.0 (X11; Linux x86_64; rv:128.0) Gecko/20100101 Firefox/128.0', '2026-03-11 04:40:30'),
(57, 15, 0, '2402:8780:1065:674b:90a3:c68c:a95e:4127', 'Mozilla/5.0 (Linux; Android 10; K) AppleWebKit/537.36 (KHTML, like Gecko) Chrome/140.0.0.0 Safari/537.36', '2026-03-20 04:02:10'),
(58, 16, 0, '2402:8780:1065:674b:90a3:c68c:a95e:4127', 'Mozilla/5.0 (Linux; Android 10; K) AppleWebKit/537.36 (KHTML, like Gecko) Chrome/140.0.0.0 Safari/537.36', '2026-03-20 04:02:13'),
(59, 15, 0, '2402:8780:1065:674b:90a3:c68c:a95e:4127', 'Mozilla/5.0 (Linux; Android 10; K) AppleWebKit/537.36 (KHTML, like Gecko) Chrome/140.0.0.0 Safari/537.36', '2026-03-20 04:02:15'),
(60, 6, 0, '2402:8780:1065:674b:90a3:c68c:a95e:4127', 'Mozilla/5.0 (Linux; Android 10; K) AppleWebKit/537.36 (KHTML, like Gecko) Chrome/140.0.0.0 Safari/537.36', '2026-03-20 04:02:17'),
(61, 4, 0, '2402:8780:1065:674b:90a3:c68c:a95e:4127', 'Mozilla/5.0 (Linux; Android 10; K) AppleWebKit/537.36 (KHTML, like Gecko) Chrome/140.0.0.0 Safari/537.36', '2026-03-20 04:02:18'),
(62, 5, 0, '2402:8780:1065:674b:90a3:c68c:a95e:4127', 'Mozilla/5.0 (Linux; Android 10; K) AppleWebKit/537.36 (KHTML, like Gecko) Chrome/140.0.0.0 Safari/537.36', '2026-03-20 04:02:20'),
(63, 18, 0, '2402:8780:1065:674b:90a3:c68c:a95e:4127', 'Mozilla/5.0 (Linux; Android 10; K) AppleWebKit/537.36 (KHTML, like Gecko) Chrome/140.0.0.0 Safari/537.36', '2026-03-20 04:07:25'),
(64, 17, 0, '2402:8780:1065:674b:90a3:c68c:a95e:4127', 'Mozilla/5.0 (Linux; Android 10; K) AppleWebKit/537.36 (KHTML, like Gecko) Chrome/140.0.0.0 Safari/537.36', '2026-03-20 04:07:26'),
(65, 18, 0, '2402:8780:1065:674b:90a3:c68c:a95e:4127', 'Mozilla/5.0 (Linux; Android 10; K) AppleWebKit/537.36 (KHTML, like Gecko) Chrome/140.0.0.0 Safari/537.36', '2026-03-20 04:07:28'),
(66, 17, 0, '2402:8780:1065:674b:90a3:c68c:a95e:4127', 'Mozilla/5.0 (Linux; Android 10; K) AppleWebKit/537.36 (KHTML, like Gecko) Chrome/140.0.0.0 Safari/537.36', '2026-03-20 04:07:28'),
(67, 18, 0, '2402:8780:1065:674b:90a3:c68c:a95e:4127', 'Mozilla/5.0 (Linux; Android 10; K) AppleWebKit/537.36 (KHTML, like Gecko) Chrome/140.0.0.0 Safari/537.36', '2026-03-20 04:07:30'),
(68, 17, 0, '2402:8780:1065:674b:90a3:c68c:a95e:4127', 'Mozilla/5.0 (Linux; Android 10; K) AppleWebKit/537.36 (KHTML, like Gecko) Chrome/140.0.0.0 Safari/537.36', '2026-03-20 04:07:31'),
(69, 18, 0, '2402:8780:1065:674b:90a3:c68c:a95e:4127', 'Mozilla/5.0 (Linux; Android 10; K) AppleWebKit/537.36 (KHTML, like Gecko) Chrome/140.0.0.0 Safari/537.36', '2026-03-20 04:07:32'),
(70, 19, 0, '182.6.9.190', 'Mozilla/5.0 (Linux; Android 10; K) AppleWebKit/537.36 (KHTML, like Gecko) Chrome/145.0.0.0 Mobile Safari/537.36 OPR/96.0.0.0', '2026-04-01 00:41:06'),
(71, 20, 0, '182.6.9.190', 'Mozilla/5.0 (Linux; Android 10; K) AppleWebKit/537.36 (KHTML, like Gecko) Chrome/145.0.0.0 Mobile Safari/537.36 OPR/96.0.0.0', '2026-04-01 00:41:07'),
(72, 19, 0, '182.6.9.190', 'Mozilla/5.0 (Linux; Android 10; K) AppleWebKit/537.36 (KHTML, like Gecko) Chrome/145.0.0.0 Mobile Safari/537.36 OPR/96.0.0.0', '2026-04-01 00:41:09'),
(73, 22, 0, '182.6.9.190', 'Mozilla/5.0 (Linux; Android 10; K) AppleWebKit/537.36 (KHTML, like Gecko) Chrome/145.0.0.0 Mobile Safari/537.36 OPR/96.0.0.0', '2026-04-01 00:41:11'),
(74, 23, 0, '182.6.9.190', 'Mozilla/5.0 (Linux; Android 10; K) AppleWebKit/537.36 (KHTML, like Gecko) Chrome/145.0.0.0 Mobile Safari/537.36 OPR/96.0.0.0', '2026-04-01 00:41:12'),
(75, 21, 0, '182.6.9.190', 'Mozilla/5.0 (Linux; Android 10; K) AppleWebKit/537.36 (KHTML, like Gecko) Chrome/145.0.0.0 Mobile Safari/537.36 OPR/96.0.0.0', '2026-04-01 00:41:13'),
(76, 22, 0, '140.213.142.31', 'Mozilla/5.0 (Linux; Android 10; K) AppleWebKit/537.36 (KHTML, like Gecko) Chrome/146.0.0.0 Mobile Safari/537.36', '2026-04-01 00:45:21'),
(77, 23, 0, '140.213.142.31', 'Mozilla/5.0 (Linux; Android 10; K) AppleWebKit/537.36 (KHTML, like Gecko) Chrome/146.0.0.0 Mobile Safari/537.36', '2026-04-01 00:45:23'),
(78, 22, 0, '182.6.9.190', 'Mozilla/5.0 (Linux; Android 10; K) AppleWebKit/537.36 (KHTML, like Gecko) Chrome/145.0.0.0 Mobile Safari/537.36 OPR/96.0.0.0', '2026-04-01 03:06:25'),
(79, 21, 0, '182.6.9.190', 'Mozilla/5.0 (Linux; Android 10; K) AppleWebKit/537.36 (KHTML, like Gecko) Chrome/145.0.0.0 Mobile Safari/537.36 OPR/96.0.0.0', '2026-04-01 03:06:27'),
(80, 23, 0, '182.6.9.190', 'Mozilla/5.0 (Linux; Android 10; K) AppleWebKit/537.36 (KHTML, like Gecko) Chrome/145.0.0.0 Mobile Safari/537.36 OPR/96.0.0.0', '2026-04-01 03:06:28'),
(81, 22, 0, '182.6.9.190', 'Mozilla/5.0 (Linux; Android 10; K) AppleWebKit/537.36 (KHTML, like Gecko) Chrome/145.0.0.0 Mobile Safari/537.36 OPR/96.0.0.0', '2026-04-01 03:06:30'),
(82, 21, 0, '182.6.9.190', 'Mozilla/5.0 (Linux; Android 10; K) AppleWebKit/537.36 (KHTML, like Gecko) Chrome/145.0.0.0 Mobile Safari/537.36 OPR/96.0.0.0', '2026-04-01 03:06:31'),
(83, 23, 0, '182.6.9.190', 'Mozilla/5.0 (Linux; Android 10; K) AppleWebKit/537.36 (KHTML, like Gecko) Chrome/145.0.0.0 Mobile Safari/537.36 OPR/96.0.0.0', '2026-04-01 03:06:32'),
(84, 26, 4, '182.6.9.190', 'Mozilla/5.0 (Linux; Android 10; K) AppleWebKit/537.36 (KHTML, like Gecko) Chrome/145.0.0.0 Mobile Safari/537.36 OPR/96.0.0.0', '2026-04-01 03:35:30'),
(85, 27, 4, '182.6.9.190', 'Mozilla/5.0 (Linux; Android 10; K) AppleWebKit/537.36 (KHTML, like Gecko) Chrome/145.0.0.0 Mobile Safari/537.36 OPR/96.0.0.0', '2026-04-01 03:35:32'),
(86, 24, 4, '182.6.9.190', 'Mozilla/5.0 (Linux; Android 10; K) AppleWebKit/537.36 (KHTML, like Gecko) Chrome/145.0.0.0 Mobile Safari/537.36 OPR/96.0.0.0', '2026-04-01 03:35:32'),
(87, 25, 4, '182.6.9.190', 'Mozilla/5.0 (Linux; Android 10; K) AppleWebKit/537.36 (KHTML, like Gecko) Chrome/145.0.0.0 Mobile Safari/537.36 OPR/96.0.0.0', '2026-04-01 03:35:33'),
(88, 26, 4, '182.6.9.190', 'Mozilla/5.0 (Linux; Android 10; K) AppleWebKit/537.36 (KHTML, like Gecko) Chrome/145.0.0.0 Mobile Safari/537.36 OPR/96.0.0.0', '2026-04-01 03:35:33'),
(89, 19, 0, '103.158.209.10', 'Mozilla/5.0 (Windows NT 10.0; Win64; x64) AppleWebKit/537.36 (KHTML, like Gecko) Chrome/146.0.0.0 Safari/537.36', '2026-04-01 04:19:36'),
(90, 20, 0, '103.158.209.10', 'Mozilla/5.0 (Windows NT 10.0; Win64; x64) AppleWebKit/537.36 (KHTML, like Gecko) Chrome/146.0.0.0 Safari/537.36', '2026-04-01 04:19:38'),
(91, 19, 0, '103.158.209.10', 'Mozilla/5.0 (Windows NT 10.0; Win64; x64) AppleWebKit/537.36 (KHTML, like Gecko) Chrome/146.0.0.0 Safari/537.36', '2026-04-01 04:19:40'),
(92, 28, 3, '103.158.209.10', 'Mozilla/5.0 (X11; Linux x86_64) AppleWebKit/537.36 (KHTML, like Gecko) Chrome/134.0.0.0 Safari/537.36', '2026-04-01 05:46:13'),
(93, 29, 3, '103.158.209.10', 'Mozilla/5.0 (X11; Linux x86_64) AppleWebKit/537.36 (KHTML, like Gecko) Chrome/134.0.0.0 Safari/537.36', '2026-04-01 05:46:15'),
(94, 28, 3, '103.158.209.10', 'Mozilla/5.0 (X11; Linux x86_64) AppleWebKit/537.36 (KHTML, like Gecko) Chrome/134.0.0.0 Safari/537.36', '2026-04-01 05:46:16'),
(95, 29, 3, '103.158.209.10', 'Mozilla/5.0 (X11; Linux x86_64) AppleWebKit/537.36 (KHTML, like Gecko) Chrome/134.0.0.0 Safari/537.36', '2026-04-01 05:46:17'),
(96, 28, 3, '103.158.209.10', 'Mozilla/5.0 (X11; Linux x86_64) AppleWebKit/537.36 (KHTML, like Gecko) Chrome/134.0.0.0 Safari/537.36', '2026-04-01 05:46:39'),
(97, 29, 3, '103.158.209.10', 'Mozilla/5.0 (X11; Linux x86_64) AppleWebKit/537.36 (KHTML, like Gecko) Chrome/134.0.0.0 Safari/537.36', '2026-04-01 05:46:52'),
(98, 28, 3, '103.158.209.10', 'Mozilla/5.0 (X11; Linux x86_64) AppleWebKit/537.36 (KHTML, like Gecko) Chrome/134.0.0.0 Safari/537.36', '2026-04-01 05:46:53'),
(99, 29, 3, '103.158.209.10', 'Mozilla/5.0 (X11; Linux x86_64) AppleWebKit/537.36 (KHTML, like Gecko) Chrome/134.0.0.0 Safari/537.36', '2026-04-01 05:46:54'),
(100, 28, 3, '103.158.209.10', 'Mozilla/5.0 (X11; Linux x86_64) AppleWebKit/537.36 (KHTML, like Gecko) Chrome/134.0.0.0 Safari/537.36', '2026-04-01 05:46:54'),
(101, 29, 3, '103.158.209.10', 'Mozilla/5.0 (X11; Linux x86_64) AppleWebKit/537.36 (KHTML, like Gecko) Chrome/134.0.0.0 Safari/537.36', '2026-04-01 05:46:55'),
(102, 28, 3, '103.158.209.10', 'Mozilla/5.0 (X11; Linux x86_64) AppleWebKit/537.36 (KHTML, like Gecko) Chrome/134.0.0.0 Safari/537.36', '2026-04-01 05:46:56'),
(103, 29, 3, '103.158.209.10', 'Mozilla/5.0 (X11; Linux x86_64) AppleWebKit/537.36 (KHTML, like Gecko) Chrome/134.0.0.0 Safari/537.36', '2026-04-01 05:46:56'),
(104, 30, 0, '103.158.209.10', 'Mozilla/5.0 (Linux; Android 10; K) AppleWebKit/537.36 (KHTML, like Gecko) Chrome/145.0.0.0 Mobile Safari/537.36 OPR/96.0.0.0', '2026-04-01 06:10:36'),
(105, 30, 0, '103.158.209.10', 'Mozilla/5.0 (Linux; Android 10; K) AppleWebKit/537.36 (KHTML, like Gecko) Chrome/145.0.0.0 Mobile Safari/537.36 OPR/96.0.0.0', '2026-04-01 06:10:42'),
(106, 30, 3, '103.158.209.10', 'Mozilla/5.0 (X11; Linux x86_64) AppleWebKit/537.36 (KHTML, like Gecko) Chrome/134.0.0.0 Safari/537.36', '2026-04-01 06:23:45'),
(107, 31, 3, '182.6.9.200', 'Mozilla/5.0 (Linux; Android 10; K) AppleWebKit/537.36 (KHTML, like Gecko) Chrome/145.0.0.0 Mobile Safari/537.36 OPR/96.0.0.0', '2026-04-01 06:24:39'),
(108, 31, 3, '182.6.9.200', 'Mozilla/5.0 (Linux; Android 10; K) AppleWebKit/537.36 (KHTML, like Gecko) Chrome/145.0.0.0 Mobile Safari/537.36 OPR/96.0.0.0', '2026-04-01 06:26:19'),
(109, 31, 3, '182.6.9.200', 'Mozilla/5.0 (Linux; Android 10; K) AppleWebKit/537.36 (KHTML, like Gecko) Chrome/145.0.0.0 Mobile Safari/537.36 OPR/96.0.0.0', '2026-04-01 06:26:22'),
(110, 32, 3, '182.6.9.200', 'Mozilla/5.0 (Linux; Android 10; K) AppleWebKit/537.36 (KHTML, like Gecko) Chrome/145.0.0.0 Mobile Safari/537.36 OPR/96.0.0.0', '2026-04-01 06:32:40'),
(111, 33, 3, '103.158.209.10', 'Mozilla/5.0 (X11; Linux x86_64) AppleWebKit/537.36 (KHTML, like Gecko) Chrome/134.0.0.0 Safari/537.36', '2026-04-01 06:53:54'),
(112, 34, 3, '103.158.209.10', 'Mozilla/5.0 (X11; Linux x86_64) AppleWebKit/537.36 (KHTML, like Gecko) Chrome/134.0.0.0 Safari/537.36', '2026-04-01 06:53:56'),
(113, 35, 3, '103.158.209.10', 'Mozilla/5.0 (X11; Linux x86_64) AppleWebKit/537.36 (KHTML, like Gecko) Chrome/134.0.0.0 Safari/537.36', '2026-04-01 06:53:57'),
(114, 34, 3, '103.158.209.10', 'Mozilla/5.0 (X11; Linux x86_64) AppleWebKit/537.36 (KHTML, like Gecko) Chrome/134.0.0.0 Safari/537.36', '2026-04-01 06:54:25'),
(115, 33, 3, '103.158.209.10', 'Mozilla/5.0 (X11; Linux x86_64) AppleWebKit/537.36 (KHTML, like Gecko) Chrome/134.0.0.0 Safari/537.36', '2026-04-01 06:54:36'),
(116, 36, 3, '103.158.209.10', 'Mozilla/5.0 (X11; Linux x86_64) AppleWebKit/537.36 (KHTML, like Gecko) Chrome/134.0.0.0 Safari/537.36', '2026-04-01 07:05:23'),
(117, 36, 0, '182.6.9.200', 'Mozilla/5.0 (Linux; Android 10; K) AppleWebKit/537.36 (KHTML, like Gecko) Chrome/145.0.0.0 Mobile Safari/537.36 OPR/96.0.0.0', '2026-04-01 07:05:41'),
(118, 18, 3, '103.158.209.10', 'Mozilla/5.0 (X11; Linux x86_64) AppleWebKit/537.36 (KHTML, like Gecko) Chrome/134.0.0.0 Safari/537.36', '2026-04-01 07:08:19'),
(119, 17, 3, '103.158.209.10', 'Mozilla/5.0 (X11; Linux x86_64) AppleWebKit/537.36 (KHTML, like Gecko) Chrome/134.0.0.0 Safari/537.36', '2026-04-01 07:08:21'),
(120, 18, 3, '103.158.209.10', 'Mozilla/5.0 (X11; Linux x86_64) AppleWebKit/537.36 (KHTML, like Gecko) Chrome/134.0.0.0 Safari/537.36', '2026-04-01 07:08:22'),
(121, 17, 3, '103.158.209.10', 'Mozilla/5.0 (X11; Linux x86_64) AppleWebKit/537.36 (KHTML, like Gecko) Chrome/134.0.0.0 Safari/537.36', '2026-04-01 07:08:23'),
(122, 18, 3, '103.158.209.10', 'Mozilla/5.0 (X11; Linux x86_64) AppleWebKit/537.36 (KHTML, like Gecko) Chrome/134.0.0.0 Safari/537.36', '2026-04-01 07:08:25'),
(123, 17, 3, '103.158.209.10', 'Mozilla/5.0 (X11; Linux x86_64) AppleWebKit/537.36 (KHTML, like Gecko) Chrome/134.0.0.0 Safari/537.36', '2026-04-01 07:08:26'),
(124, 19, 3, '103.158.209.10', 'Mozilla/5.0 (X11; Linux x86_64) AppleWebKit/537.36 (KHTML, like Gecko) Chrome/134.0.0.0 Safari/537.36', '2026-04-01 07:08:29'),
(125, 20, 3, '103.158.209.10', 'Mozilla/5.0 (X11; Linux x86_64) AppleWebKit/537.36 (KHTML, like Gecko) Chrome/134.0.0.0 Safari/537.36', '2026-04-01 07:08:31'),
(126, 22, 3, '103.158.209.10', 'Mozilla/5.0 (X11; Linux x86_64) AppleWebKit/537.36 (KHTML, like Gecko) Chrome/134.0.0.0 Safari/537.36', '2026-04-01 07:08:36'),
(127, 23, 3, '103.158.209.10', 'Mozilla/5.0 (X11; Linux x86_64) AppleWebKit/537.36 (KHTML, like Gecko) Chrome/134.0.0.0 Safari/537.36', '2026-04-01 07:08:38'),
(128, 23, 3, '103.158.209.10', 'Mozilla/5.0 (X11; Linux x86_64) AppleWebKit/537.36 (KHTML, like Gecko) Chrome/134.0.0.0 Safari/537.36', '2026-04-01 07:08:42'),
(129, 21, 3, '103.158.209.10', 'Mozilla/5.0 (X11; Linux x86_64) AppleWebKit/537.36 (KHTML, like Gecko) Chrome/134.0.0.0 Safari/537.36', '2026-04-01 07:08:43'),
(130, 22, 3, '103.158.209.10', 'Mozilla/5.0 (X11; Linux x86_64) AppleWebKit/537.36 (KHTML, like Gecko) Chrome/134.0.0.0 Safari/537.36', '2026-04-01 07:08:44'),
(131, 23, 3, '103.158.209.10', 'Mozilla/5.0 (X11; Linux x86_64) AppleWebKit/537.36 (KHTML, like Gecko) Chrome/134.0.0.0 Safari/537.36', '2026-04-01 07:08:45'),
(132, 21, 3, '103.158.209.10', 'Mozilla/5.0 (X11; Linux x86_64) AppleWebKit/537.36 (KHTML, like Gecko) Chrome/134.0.0.0 Safari/537.36', '2026-04-01 07:08:46'),
(133, 26, 3, '103.158.209.10', 'Mozilla/5.0 (X11; Linux x86_64) AppleWebKit/537.36 (KHTML, like Gecko) Chrome/134.0.0.0 Safari/537.36', '2026-04-01 07:08:51'),
(134, 27, 3, '103.158.209.10', 'Mozilla/5.0 (X11; Linux x86_64) AppleWebKit/537.36 (KHTML, like Gecko) Chrome/134.0.0.0 Safari/537.36', '2026-04-01 07:08:53'),
(135, 24, 3, '103.158.209.10', 'Mozilla/5.0 (X11; Linux x86_64) AppleWebKit/537.36 (KHTML, like Gecko) Chrome/134.0.0.0 Safari/537.36', '2026-04-01 07:08:54'),
(136, 25, 3, '103.158.209.10', 'Mozilla/5.0 (X11; Linux x86_64) AppleWebKit/537.36 (KHTML, like Gecko) Chrome/134.0.0.0 Safari/537.36', '2026-04-01 07:08:55'),
(137, 26, 3, '103.158.209.10', 'Mozilla/5.0 (X11; Linux x86_64) AppleWebKit/537.36 (KHTML, like Gecko) Chrome/134.0.0.0 Safari/537.36', '2026-04-01 07:08:56'),
(138, 27, 3, '103.158.209.10', 'Mozilla/5.0 (X11; Linux x86_64) AppleWebKit/537.36 (KHTML, like Gecko) Chrome/134.0.0.0 Safari/537.36', '2026-04-01 07:08:57'),
(139, 24, 3, '103.158.209.10', 'Mozilla/5.0 (X11; Linux x86_64) AppleWebKit/537.36 (KHTML, like Gecko) Chrome/134.0.0.0 Safari/537.36', '2026-04-01 07:08:58'),
(140, 25, 3, '103.158.209.10', 'Mozilla/5.0 (X11; Linux x86_64) AppleWebKit/537.36 (KHTML, like Gecko) Chrome/134.0.0.0 Safari/537.36', '2026-04-01 07:08:59'),
(141, 26, 3, '103.158.209.10', 'Mozilla/5.0 (X11; Linux x86_64) AppleWebKit/537.36 (KHTML, like Gecko) Chrome/134.0.0.0 Safari/537.36', '2026-04-01 07:09:00'),
(142, 27, 3, '103.158.209.10', 'Mozilla/5.0 (X11; Linux x86_64) AppleWebKit/537.36 (KHTML, like Gecko) Chrome/134.0.0.0 Safari/537.36', '2026-04-01 07:09:01'),
(143, 24, 3, '103.158.209.10', 'Mozilla/5.0 (X11; Linux x86_64) AppleWebKit/537.36 (KHTML, like Gecko) Chrome/134.0.0.0 Safari/537.36', '2026-04-01 07:09:04'),
(144, 25, 3, '103.158.209.10', 'Mozilla/5.0 (X11; Linux x86_64) AppleWebKit/537.36 (KHTML, like Gecko) Chrome/134.0.0.0 Safari/537.36', '2026-04-01 07:09:17'),
(145, 26, 3, '103.158.209.10', 'Mozilla/5.0 (X11; Linux x86_64) AppleWebKit/537.36 (KHTML, like Gecko) Chrome/134.0.0.0 Safari/537.36', '2026-04-01 07:09:19'),
(146, 37, 0, '182.6.9.200', 'Mozilla/5.0 (Linux; Android 10; K) AppleWebKit/537.36 (KHTML, like Gecko) Chrome/145.0.0.0 Mobile Safari/537.36 OPR/96.0.0.0', '2026-04-01 08:56:25'),
(147, 36, 3, '103.158.209.10', 'Mozilla/5.0 (X11; Linux x86_64) AppleWebKit/537.36 (KHTML, like Gecko) Chrome/134.0.0.0 Safari/537.36', '2026-04-01 09:02:22'),
(148, 36, 3, '103.158.209.10', 'Mozilla/5.0 (X11; Linux x86_64) AppleWebKit/537.36 (KHTML, like Gecko) Chrome/134.0.0.0 Safari/537.36', '2026-04-01 09:02:28'),
(149, 39, 3, '103.158.209.10', 'Mozilla/5.0 (Windows NT 10.0; Win64; x64) AppleWebKit/537.36 (KHTML, like Gecko) Chrome/90.0.4430.212 Safari/537.36 Edg/90.0.818.66', '2026-04-02 04:33:51'),
(150, 39, 0, '103.158.209.10', 'Mozilla/5.0 (Windows NT 10.0; Win64; x64) AppleWebKit/537.36 (KHTML, like Gecko) Chrome/90.0.4430.212 Safari/537.36 Edg/90.0.818.66', '2026-04-02 04:35:29'),
(151, 39, 0, '103.158.209.10', 'Mozilla/5.0 (Windows NT 10.0; Win64; x64) AppleWebKit/537.36 (KHTML, like Gecko) Chrome/90.0.4430.212 Safari/537.36 Edg/90.0.818.66', '2026-04-02 04:35:37'),
(152, 39, 0, '103.158.209.10', 'Mozilla/5.0 (Linux; Android 10; K) AppleWebKit/537.36 (KHTML, like Gecko) Chrome/145.0.0.0 Mobile Safari/537.36 OPR/96.0.0.0', '2026-04-02 06:11:58'),
(153, 39, 0, '103.158.209.10', 'Mozilla/5.0 (Linux; Android 10; K) AppleWebKit/537.36 (KHTML, like Gecko) Chrome/145.0.0.0 Mobile Safari/537.36 OPR/96.0.0.0', '2026-04-02 06:12:07'),
(154, 40, 0, '103.158.209.10', 'Mozilla/5.0 (Linux; Android 10; K) AppleWebKit/537.36 (KHTML, like Gecko) Chrome/145.0.0.0 Mobile Safari/537.36 OPR/96.0.0.0', '2026-04-02 06:12:16'),
(155, 39, 0, '103.158.209.10', 'Mozilla/5.0 (Linux; Android 10; K) AppleWebKit/537.36 (KHTML, like Gecko) Chrome/145.0.0.0 Mobile Safari/537.36 OPR/96.0.0.0', '2026-04-02 06:12:35'),
(156, 40, 0, '103.158.209.10', 'Mozilla/5.0 (Linux; Android 10; K) AppleWebKit/537.36 (KHTML, like Gecko) Chrome/145.0.0.0 Mobile Safari/537.36 OPR/96.0.0.0', '2026-04-02 06:13:07'),
(157, 26, 0, '182.2.188.60', 'Mozilla/5.0 (Linux; Android 10; K) AppleWebKit/537.36 (KHTML, like Gecko) Chrome/145.0.0.0 Mobile Safari/537.36 OPR/96.0.0.0', '2026-04-02 08:00:19'),
(158, 27, 0, '182.2.188.60', 'Mozilla/5.0 (Linux; Android 10; K) AppleWebKit/537.36 (KHTML, like Gecko) Chrome/145.0.0.0 Mobile Safari/537.36 OPR/96.0.0.0', '2026-04-02 08:00:20'),
(159, 24, 0, '182.2.188.60', 'Mozilla/5.0 (Linux; Android 10; K) AppleWebKit/537.36 (KHTML, like Gecko) Chrome/145.0.0.0 Mobile Safari/537.36 OPR/96.0.0.0', '2026-04-02 08:00:21'),
(160, 24, 0, '182.2.188.60', 'Mozilla/5.0 (Linux; Android 10; K) AppleWebKit/537.36 (KHTML, like Gecko) Chrome/145.0.0.0 Mobile Safari/537.36 OPR/96.0.0.0', '2026-04-02 08:00:21'),
(161, 22, 0, '182.2.188.60', 'Mozilla/5.0 (Linux; Android 10; K) AppleWebKit/537.36 (KHTML, like Gecko) Chrome/145.0.0.0 Mobile Safari/537.36 OPR/96.0.0.0', '2026-04-02 08:00:25'),
(162, 21, 0, '182.2.188.60', 'Mozilla/5.0 (Linux; Android 10; K) AppleWebKit/537.36 (KHTML, like Gecko) Chrome/145.0.0.0 Mobile Safari/537.36 OPR/96.0.0.0', '2026-04-02 08:00:28'),
(163, 18, 0, '182.2.188.60', 'Mozilla/5.0 (Linux; Android 10; K) AppleWebKit/537.36 (KHTML, like Gecko) Chrome/145.0.0.0 Mobile Safari/537.36 OPR/96.0.0.0', '2026-04-02 08:00:33'),
(164, 19, 0, '182.2.188.60', 'Mozilla/5.0 (Linux; Android 10; K) AppleWebKit/537.36 (KHTML, like Gecko) Chrome/145.0.0.0 Mobile Safari/537.36 OPR/96.0.0.0', '2026-04-02 08:00:41'),
(165, 41, 3, '157.66.36.150', 'Mozilla/5.0 (X11; Linux x86_64) AppleWebKit/537.36 (KHTML, like Gecko) Chrome/134.0.0.0 Safari/537.36', '2026-04-05 11:36:56'),
(166, 41, 0, '182.2.189.33', 'Mozilla/5.0 (Linux; Android 10; K) AppleWebKit/537.36 (KHTML, like Gecko) Chrome/145.0.0.0 Mobile Safari/537.36 OPR/96.0.0.0', '2026-04-05 12:28:29'),
(167, 41, 3, '157.66.36.150', 'Mozilla/5.0 (X11; Linux x86_64) AppleWebKit/537.36 (KHTML, like Gecko) Chrome/134.0.0.0 Safari/537.36', '2026-04-05 12:37:02'),
(168, 42, 0, '182.2.189.33', 'Mozilla/5.0 (Linux; Android 10; K) AppleWebKit/537.36 (KHTML, like Gecko) Chrome/145.0.0.0 Mobile Safari/537.36 OPR/96.0.0.0', '2026-04-05 12:37:46'),
(169, 22, 0, '114.10.73.131', 'Mozilla/5.0 (Windows NT 10.0; Win64; x64) AppleWebKit/537.36 (KHTML, like Gecko) Chrome/141.0.0.0 Safari/537.36', '2026-04-06 07:22:43'),
(170, 23, 0, '114.10.73.131', 'Mozilla/5.0 (Windows NT 10.0; Win64; x64) AppleWebKit/537.36 (KHTML, like Gecko) Chrome/141.0.0.0 Safari/537.36', '2026-04-06 07:22:49'),
(171, 23, 0, '114.10.73.131', 'Mozilla/5.0 (Windows NT 10.0; Win64; x64) AppleWebKit/537.36 (KHTML, like Gecko) Chrome/141.0.0.0 Safari/537.36', '2026-04-06 07:23:00'),
(172, 44, 12, '103.158.209.10', 'Mozilla/5.0 (Linux; Android 10; K) AppleWebKit/537.36 (KHTML, like Gecko) Chrome/146.0.0.0 Mobile Safari/537.36', '2026-04-06 07:43:27'),
(173, 44, 12, '103.158.209.10', 'Mozilla/5.0 (Linux; Android 10; K) AppleWebKit/537.36 (KHTML, like Gecko) Chrome/146.0.0.0 Mobile Safari/537.36', '2026-04-06 07:43:34'),
(174, 42, 12, '103.158.209.10', 'Mozilla/5.0 (Linux; Android 10; K) AppleWebKit/537.36 (KHTML, like Gecko) Chrome/146.0.0.0 Mobile Safari/537.36', '2026-04-06 07:45:23'),
(175, 44, 0, '2a09:bac5:55fd:1028::19c:2b1', 'Mozilla/5.0 (Linux; Android 10; K) AppleWebKit/537.36 (KHTML, like Gecko) Chrome/145.0.0.0 Mobile Safari/537.36 OPR/96.0.0.0', '2026-04-06 08:00:30'),
(176, 45, 0, '2a09:bac5:55fd:1028::19c:2b1', 'Mozilla/5.0 (Linux; Android 10; K) AppleWebKit/537.36 (KHTML, like Gecko) Chrome/145.0.0.0 Mobile Safari/537.36 OPR/96.0.0.0', '2026-04-06 08:00:32'),
(177, 46, 0, '2a09:bac5:55fd:1028::19c:2b1', 'Mozilla/5.0 (Linux; Android 10; K) AppleWebKit/537.36 (KHTML, like Gecko) Chrome/145.0.0.0 Mobile Safari/537.36 OPR/96.0.0.0', '2026-04-06 08:00:32'),
(178, 47, 0, '2a09:bac5:55fd:1028::19c:2b1', 'Mozilla/5.0 (Linux; Android 10; K) AppleWebKit/537.36 (KHTML, like Gecko) Chrome/145.0.0.0 Mobile Safari/537.36 OPR/96.0.0.0', '2026-04-06 08:00:33'),
(179, 43, 0, '2a09:bac5:55fd:1028::19c:2b1', 'Mozilla/5.0 (Linux; Android 10; K) AppleWebKit/537.36 (KHTML, like Gecko) Chrome/145.0.0.0 Mobile Safari/537.36 OPR/96.0.0.0', '2026-04-06 08:00:33'),
(180, 44, 0, '2a09:bac5:55fd:1028::19c:2b1', 'Mozilla/5.0 (Linux; Android 10; K) AppleWebKit/537.36 (KHTML, like Gecko) Chrome/145.0.0.0 Mobile Safari/537.36 OPR/96.0.0.0', '2026-04-06 08:00:34'),
(181, 45, 0, '2a09:bac5:55fd:1028::19c:2b1', 'Mozilla/5.0 (Linux; Android 10; K) AppleWebKit/537.36 (KHTML, like Gecko) Chrome/145.0.0.0 Mobile Safari/537.36 OPR/96.0.0.0', '2026-04-06 08:00:35'),
(182, 46, 0, '2a09:bac5:55fd:1028::19c:2b1', 'Mozilla/5.0 (Linux; Android 10; K) AppleWebKit/537.36 (KHTML, like Gecko) Chrome/145.0.0.0 Mobile Safari/537.36 OPR/96.0.0.0', '2026-04-06 08:00:35'),
(183, 46, 0, '2a09:bac5:55fd:1028::19c:2b1', 'Mozilla/5.0 (Linux; Android 10; K) AppleWebKit/537.36 (KHTML, like Gecko) Chrome/145.0.0.0 Mobile Safari/537.36 OPR/96.0.0.0', '2026-04-06 08:00:42'),
(184, 44, 0, '2a09:bac5:55fd:1028::19c:2b1', 'Mozilla/5.0 (Linux; Android 10; K) AppleWebKit/537.36 (KHTML, like Gecko) Chrome/145.0.0.0 Mobile Safari/537.36 OPR/96.0.0.0', '2026-04-06 08:00:49'),
(185, 45, 0, '2a09:bac5:55fd:1028::19c:2b1', 'Mozilla/5.0 (Linux; Android 10; K) AppleWebKit/537.36 (KHTML, like Gecko) Chrome/145.0.0.0 Mobile Safari/537.36 OPR/96.0.0.0', '2026-04-06 08:00:50'),
(186, 46, 0, '2a09:bac5:55fd:1028::19c:2b1', 'Mozilla/5.0 (Linux; Android 10; K) AppleWebKit/537.36 (KHTML, like Gecko) Chrome/145.0.0.0 Mobile Safari/537.36 OPR/96.0.0.0', '2026-04-06 08:00:51'),
(187, 47, 0, '2a09:bac5:55fd:1028::19c:2b1', 'Mozilla/5.0 (Linux; Android 10; K) AppleWebKit/537.36 (KHTML, like Gecko) Chrome/145.0.0.0 Mobile Safari/537.36 OPR/96.0.0.0', '2026-04-06 08:00:51'),
(188, 43, 0, '2a09:bac5:55fd:1028::19c:2b1', 'Mozilla/5.0 (Linux; Android 10; K) AppleWebKit/537.36 (KHTML, like Gecko) Chrome/145.0.0.0 Mobile Safari/537.36 OPR/96.0.0.0', '2026-04-06 08:00:52'),
(189, 44, 0, '2a09:bac5:55fd:1028::19c:2b1', 'Mozilla/5.0 (Linux; Android 10; K) AppleWebKit/537.36 (KHTML, like Gecko) Chrome/145.0.0.0 Mobile Safari/537.36 OPR/96.0.0.0', '2026-04-06 08:00:52'),
(190, 45, 0, '2a09:bac5:55fd:1028::19c:2b1', 'Mozilla/5.0 (Linux; Android 10; K) AppleWebKit/537.36 (KHTML, like Gecko) Chrome/145.0.0.0 Mobile Safari/537.36 OPR/96.0.0.0', '2026-04-06 08:00:52'),
(191, 22, 0, '2a09:bac5:55fd:1028::19c:2b1', 'Mozilla/5.0 (Linux; Android 10; K) AppleWebKit/537.36 (KHTML, like Gecko) Chrome/145.0.0.0 Mobile Safari/537.36 OPR/96.0.0.0', '2026-04-06 08:01:06'),
(192, 23, 0, '2a09:bac5:55fd:1028::19c:2b1', 'Mozilla/5.0 (Linux; Android 10; K) AppleWebKit/537.36 (KHTML, like Gecko) Chrome/145.0.0.0 Mobile Safari/537.36 OPR/96.0.0.0', '2026-04-06 08:01:08'),
(193, 21, 0, '2a09:bac5:55fd:1028::19c:2b1', 'Mozilla/5.0 (Linux; Android 10; K) AppleWebKit/537.36 (KHTML, like Gecko) Chrome/145.0.0.0 Mobile Safari/537.36 OPR/96.0.0.0', '2026-04-06 08:01:08'),
(194, 18, 0, '2a09:bac5:55fd:1028::19c:2b1', 'Mozilla/5.0 (Linux; Android 10; K) AppleWebKit/537.36 (KHTML, like Gecko) Chrome/145.0.0.0 Mobile Safari/537.36 OPR/96.0.0.0', '2026-04-06 08:02:01'),
(195, 17, 0, '2a09:bac5:55fd:1028::19c:2b1', 'Mozilla/5.0 (Linux; Android 10; K) AppleWebKit/537.36 (KHTML, like Gecko) Chrome/145.0.0.0 Mobile Safari/537.36 OPR/96.0.0.0', '2026-04-06 08:02:03'),
(196, 18, 0, '2a09:bac5:55fd:1028::19c:2b1', 'Mozilla/5.0 (Linux; Android 10; K) AppleWebKit/537.36 (KHTML, like Gecko) Chrome/145.0.0.0 Mobile Safari/537.36 OPR/96.0.0.0', '2026-04-06 08:02:03'),
(197, 44, 0, '2a09:bac5:55fd:1028::19c:2b1', 'Mozilla/5.0 (Linux; Android 10; K) AppleWebKit/537.36 (KHTML, like Gecko) Chrome/145.0.0.0 Mobile Safari/537.36 OPR/96.0.0.0', '2026-04-06 08:05:32'),
(198, 45, 0, '2a09:bac5:55fd:1028::19c:2b1', 'Mozilla/5.0 (Linux; Android 10; K) AppleWebKit/537.36 (KHTML, like Gecko) Chrome/145.0.0.0 Mobile Safari/537.36 OPR/96.0.0.0', '2026-04-06 08:05:35'),
(199, 44, 0, '157.66.36.150', 'Mozilla/5.0 (X11; Linux x86_64) AppleWebKit/537.36 (KHTML, like Gecko) Chrome/134.0.0.0 Safari/537.36', '2026-04-06 12:43:10'),
(200, 45, 0, '157.66.36.150', 'Mozilla/5.0 (X11; Linux x86_64) AppleWebKit/537.36 (KHTML, like Gecko) Chrome/134.0.0.0 Safari/537.36', '2026-04-06 12:43:12'),
(201, 46, 0, '157.66.36.150', 'Mozilla/5.0 (X11; Linux x86_64) AppleWebKit/537.36 (KHTML, like Gecko) Chrome/134.0.0.0 Safari/537.36', '2026-04-06 12:43:12'),
(202, 47, 0, '157.66.36.150', 'Mozilla/5.0 (X11; Linux x86_64) AppleWebKit/537.36 (KHTML, like Gecko) Chrome/134.0.0.0 Safari/537.36', '2026-04-06 12:43:14'),
(203, 43, 0, '157.66.36.150', 'Mozilla/5.0 (X11; Linux x86_64) AppleWebKit/537.36 (KHTML, like Gecko) Chrome/134.0.0.0 Safari/537.36', '2026-04-06 12:43:15'),
(204, 44, 3, '157.66.36.150', 'Mozilla/5.0 (X11; Linux x86_64) AppleWebKit/537.36 (KHTML, like Gecko) Chrome/134.0.0.0 Safari/537.36', '2026-04-06 12:59:07'),
(205, 32, 9999, '157.66.36.150', 'Mozilla/5.0 (X11; Linux x86_64) AppleWebKit/537.36 (KHTML, like Gecko) Chrome/134.0.0.0 Safari/537.36', '2026-04-06 13:43:01'),
(206, 42, 1, '157.66.36.150', 'Mozilla/5.0 (X11; Linux x86_64) AppleWebKit/537.36 (KHTML, like Gecko) Chrome/134.0.0.0 Safari/537.36', '2026-04-06 13:44:00'),
(207, 44, 0, '157.66.36.150', 'Mozilla/5.0 (X11; Linux x86_64) AppleWebKit/537.36 (KHTML, like Gecko) Chrome/134.0.0.0 Safari/537.36', '2026-04-06 13:49:30'),
(208, 44, 0, '157.66.36.150', 'Mozilla/5.0 (X11; Linux x86_64) AppleWebKit/537.36 (KHTML, like Gecko) Chrome/134.0.0.0 Safari/537.36', '2026-04-06 14:02:28'),
(209, 45, 0, '157.66.36.150', 'Mozilla/5.0 (X11; Linux x86_64) AppleWebKit/537.36 (KHTML, like Gecko) Chrome/134.0.0.0 Safari/537.36', '2026-04-06 14:02:30'),
(210, 46, 0, '157.66.36.150', 'Mozilla/5.0 (X11; Linux x86_64) AppleWebKit/537.36 (KHTML, like Gecko) Chrome/134.0.0.0 Safari/537.36', '2026-04-06 14:02:31'),
(211, 47, 0, '157.66.36.150', 'Mozilla/5.0 (X11; Linux x86_64) AppleWebKit/537.36 (KHTML, like Gecko) Chrome/134.0.0.0 Safari/537.36', '2026-04-06 14:02:31'),
(212, 43, 0, '157.66.36.150', 'Mozilla/5.0 (X11; Linux x86_64) AppleWebKit/537.36 (KHTML, like Gecko) Chrome/134.0.0.0 Safari/537.36', '2026-04-06 14:02:32'),
(213, 44, 0, '157.66.36.150', 'Mozilla/5.0 (X11; Linux x86_64) AppleWebKit/537.36 (KHTML, like Gecko) Chrome/134.0.0.0 Safari/537.36', '2026-04-06 14:02:32'),
(214, 42, 3, '157.66.36.150', 'Mozilla/5.0 (X11; Linux x86_64) AppleWebKit/537.36 (KHTML, like Gecko) Chrome/134.0.0.0 Safari/537.36', '2026-04-06 14:03:12'),
(215, 42, 3, '157.66.36.150', 'Mozilla/5.0 (X11; Linux x86_64) AppleWebKit/537.36 (KHTML, like Gecko) Chrome/134.0.0.0 Safari/537.36', '2026-04-06 14:03:16'),
(216, 30, 3, '157.66.36.150', 'Mozilla/5.0 (X11; Linux x86_64) AppleWebKit/537.36 (KHTML, like Gecko) Chrome/134.0.0.0 Safari/537.36', '2026-04-06 14:03:20'),
(217, 42, 0, '157.66.36.150', 'Mozilla/5.0 (X11; Linux x86_64) AppleWebKit/537.36 (KHTML, like Gecko) Chrome/134.0.0.0 Safari/537.36', '2026-04-06 14:12:26'),
(218, 42, 0, '157.66.36.150', 'Mozilla/5.0 (X11; Linux x86_64) AppleWebKit/537.36 (KHTML, like Gecko) Chrome/134.0.0.0 Safari/537.36', '2026-04-06 14:12:27'),
(219, 49, 3, '157.66.36.150', 'Mozilla/5.0 (X11; Linux x86_64) AppleWebKit/537.36 (KHTML, like Gecko) Chrome/134.0.0.0 Safari/537.36', '2026-04-06 14:14:29'),
(220, 48, 3, '157.66.36.150', 'Mozilla/5.0 (X11; Linux x86_64) AppleWebKit/537.36 (KHTML, like Gecko) Chrome/134.0.0.0 Safari/537.36', '2026-04-06 14:14:31'),
(221, 42, 3, '157.66.36.150', 'Mozilla/5.0 (X11; Linux x86_64) AppleWebKit/537.36 (KHTML, like Gecko) Chrome/134.0.0.0 Safari/537.36', '2026-04-06 14:14:32'),
(222, 49, 3, '157.66.36.150', 'Mozilla/5.0 (X11; Linux x86_64) AppleWebKit/537.36 (KHTML, like Gecko) Chrome/134.0.0.0 Safari/537.36', '2026-04-06 14:14:39'),
(223, 48, 3, '157.66.36.150', 'Mozilla/5.0 (X11; Linux x86_64) AppleWebKit/537.36 (KHTML, like Gecko) Chrome/134.0.0.0 Safari/537.36', '2026-04-06 14:14:41'),
(224, 51, 0, '157.66.36.150', 'Mozilla/5.0 (X11; Linux x86_64) AppleWebKit/537.36 (KHTML, like Gecko) Chrome/134.0.0.0 Safari/537.36', '2026-04-06 14:27:14'),
(225, 42, 0, '157.66.36.150', 'Mozilla/5.0 (X11; Linux x86_64) AppleWebKit/537.36 (KHTML, like Gecko) Chrome/134.0.0.0 Safari/537.36', '2026-04-06 14:27:16'),
(226, 51, 0, '157.66.36.150', 'Mozilla/5.0 (X11; Linux x86_64) AppleWebKit/537.36 (KHTML, like Gecko) Chrome/134.0.0.0 Safari/537.36', '2026-04-06 14:27:17'),
(227, 42, 0, '157.66.36.150', 'Mozilla/5.0 (X11; Linux x86_64) AppleWebKit/537.36 (KHTML, like Gecko) Chrome/134.0.0.0 Safari/537.36', '2026-04-06 14:27:20'),
(228, 44, 1, '157.66.36.150', 'Mozilla/5.0 (X11; Linux x86_64) AppleWebKit/537.36 (KHTML, like Gecko) Chrome/134.0.0.0 Safari/537.36', '2026-04-06 14:27:42'),
(229, 51, 9999, '157.66.36.150', 'Mozilla/5.0 (X11; Linux x86_64) AppleWebKit/537.36 (KHTML, like Gecko) Chrome/134.0.0.0 Safari/537.36', '2026-04-06 14:28:02'),
(230, 44, 12, '157.66.36.150', 'Mozilla/5.0 (X11; Linux x86_64) AppleWebKit/537.36 (KHTML, like Gecko) Chrome/134.0.0.0 Safari/537.36', '2026-04-06 14:29:22'),
(231, 43, 12, '157.66.36.150', 'Mozilla/5.0 (X11; Linux x86_64) AppleWebKit/537.36 (KHTML, like Gecko) Chrome/134.0.0.0 Safari/537.36', '2026-04-06 14:29:24'),
(232, 47, 12, '157.66.36.150', 'Mozilla/5.0 (X11; Linux x86_64) AppleWebKit/537.36 (KHTML, like Gecko) Chrome/134.0.0.0 Safari/537.36', '2026-04-06 14:29:25'),
(233, 46, 12, '157.66.36.150', 'Mozilla/5.0 (X11; Linux x86_64) AppleWebKit/537.36 (KHTML, like Gecko) Chrome/134.0.0.0 Safari/537.36', '2026-04-06 14:29:26'),
(234, 45, 12, '157.66.36.150', 'Mozilla/5.0 (X11; Linux x86_64) AppleWebKit/537.36 (KHTML, like Gecko) Chrome/134.0.0.0 Safari/537.36', '2026-04-06 14:29:26'),
(235, 44, 12, '157.66.36.150', 'Mozilla/5.0 (X11; Linux x86_64) AppleWebKit/537.36 (KHTML, like Gecko) Chrome/134.0.0.0 Safari/537.36', '2026-04-06 14:29:28'),
(236, 18, 12, '157.66.36.150', 'Mozilla/5.0 (X11; Linux x86_64) AppleWebKit/537.36 (KHTML, like Gecko) Chrome/134.0.0.0 Safari/537.36', '2026-04-06 14:36:08'),
(237, 17, 12, '157.66.36.150', 'Mozilla/5.0 (X11; Linux x86_64) AppleWebKit/537.36 (KHTML, like Gecko) Chrome/134.0.0.0 Safari/537.36', '2026-04-06 14:36:09'),
(238, 18, 12, '157.66.36.150', 'Mozilla/5.0 (X11; Linux x86_64) AppleWebKit/537.36 (KHTML, like Gecko) Chrome/134.0.0.0 Safari/537.36', '2026-04-06 14:36:10'),
(239, 51, 12, '157.66.36.150', 'Mozilla/5.0 (X11; Linux x86_64) AppleWebKit/537.36 (KHTML, like Gecko) Chrome/134.0.0.0 Safari/537.36', '2026-04-06 14:36:12'),
(240, 42, 12, '157.66.36.150', 'Mozilla/5.0 (X11; Linux x86_64) AppleWebKit/537.36 (KHTML, like Gecko) Chrome/134.0.0.0 Safari/537.36', '2026-04-06 14:36:13'),
(241, 51, 12, '157.66.36.150', 'Mozilla/5.0 (X11; Linux x86_64) AppleWebKit/537.36 (KHTML, like Gecko) Chrome/134.0.0.0 Safari/537.36', '2026-04-06 14:36:14'),
(242, 44, 12, '157.66.36.150', 'Mozilla/5.0 (X11; Linux x86_64) AppleWebKit/537.36 (KHTML, like Gecko) Chrome/134.0.0.0 Safari/537.36', '2026-04-06 14:36:20'),
(243, 45, 12, '157.66.36.150', 'Mozilla/5.0 (X11; Linux x86_64) AppleWebKit/537.36 (KHTML, like Gecko) Chrome/134.0.0.0 Safari/537.36', '2026-04-06 14:36:21'),
(244, 46, 12, '157.66.36.150', 'Mozilla/5.0 (X11; Linux x86_64) AppleWebKit/537.36 (KHTML, like Gecko) Chrome/134.0.0.0 Safari/537.36', '2026-04-06 14:36:22'),
(245, 18, 12, '157.66.36.150', 'Mozilla/5.0 (X11; Linux x86_64) AppleWebKit/537.36 (KHTML, like Gecko) Chrome/134.0.0.0 Safari/537.36', '2026-04-06 14:36:25'),
(246, 17, 12, '157.66.36.150', 'Mozilla/5.0 (X11; Linux x86_64) AppleWebKit/537.36 (KHTML, like Gecko) Chrome/134.0.0.0 Safari/537.36', '2026-04-06 14:36:27'),
(247, 18, 12, '157.66.36.150', 'Mozilla/5.0 (X11; Linux x86_64) AppleWebKit/537.36 (KHTML, like Gecko) Chrome/134.0.0.0 Safari/537.36', '2026-04-06 14:36:28'),
(248, 19, 12, '157.66.36.150', 'Mozilla/5.0 (X11; Linux x86_64) AppleWebKit/537.36 (KHTML, like Gecko) Chrome/134.0.0.0 Safari/537.36', '2026-04-06 14:36:31'),
(249, 20, 12, '157.66.36.150', 'Mozilla/5.0 (X11; Linux x86_64) AppleWebKit/537.36 (KHTML, like Gecko) Chrome/134.0.0.0 Safari/537.36', '2026-04-06 14:36:33'),
(250, 19, 12, '157.66.36.150', 'Mozilla/5.0 (X11; Linux x86_64) AppleWebKit/537.36 (KHTML, like Gecko) Chrome/134.0.0.0 Safari/537.36', '2026-04-06 14:36:33'),
(251, 44, 12, '157.66.36.150', 'Mozilla/5.0 (X11; Linux x86_64) AppleWebKit/537.36 (KHTML, like Gecko) Chrome/134.0.0.0 Safari/537.36', '2026-04-06 14:38:49'),
(252, 22, 12, '157.66.36.150', 'Mozilla/5.0 (X11; Linux x86_64) AppleWebKit/537.36 (KHTML, like Gecko) Chrome/134.0.0.0 Safari/537.36', '2026-04-06 14:39:20'),
(253, 23, 12, '157.66.36.150', 'Mozilla/5.0 (X11; Linux x86_64) AppleWebKit/537.36 (KHTML, like Gecko) Chrome/134.0.0.0 Safari/537.36', '2026-04-06 14:39:22'),
(254, 21, 12, '157.66.36.150', 'Mozilla/5.0 (X11; Linux x86_64) AppleWebKit/537.36 (KHTML, like Gecko) Chrome/134.0.0.0 Safari/537.36', '2026-04-06 14:39:23'),
(255, 22, 12, '157.66.36.150', 'Mozilla/5.0 (X11; Linux x86_64) AppleWebKit/537.36 (KHTML, like Gecko) Chrome/134.0.0.0 Safari/537.36', '2026-04-06 14:39:25'),
(256, 52, 3, '157.66.36.150', 'Mozilla/5.0 (X11; Linux x86_64) AppleWebKit/537.36 (KHTML, like Gecko) Chrome/134.0.0.0 Safari/537.36', '2026-04-06 14:48:48'),
(257, 51, 3, '157.66.36.150', 'Mozilla/5.0 (X11; Linux x86_64) AppleWebKit/537.36 (KHTML, like Gecko) Chrome/134.0.0.0 Safari/537.36', '2026-04-06 14:48:51'),
(258, 52, 3, '157.66.36.150', 'Mozilla/5.0 (X11; Linux x86_64) AppleWebKit/537.36 (KHTML, like Gecko) Chrome/134.0.0.0 Safari/537.36', '2026-04-06 14:49:24'),
(259, 51, 3, '157.66.36.150', 'Mozilla/5.0 (X11; Linux x86_64) AppleWebKit/537.36 (KHTML, like Gecko) Chrome/134.0.0.0 Safari/537.36', '2026-04-06 14:49:26'),
(260, 42, 3, '157.66.36.150', 'Mozilla/5.0 (X11; Linux x86_64) AppleWebKit/537.36 (KHTML, like Gecko) Chrome/134.0.0.0 Safari/537.36', '2026-04-06 14:49:28'),
(261, 52, 3, '157.66.36.150', 'Mozilla/5.0 (X11; Linux x86_64) AppleWebKit/537.36 (KHTML, like Gecko) Chrome/134.0.0.0 Safari/537.36', '2026-04-06 14:49:29'),
(262, 51, 3, '157.66.36.150', 'Mozilla/5.0 (X11; Linux x86_64) AppleWebKit/537.36 (KHTML, like Gecko) Chrome/134.0.0.0 Safari/537.36', '2026-04-06 14:49:30');


ALTER TABLE categories
  ADD PRIMARY KEY (id),
  ADD UNIQUE KEY slug (slug),
  ADD KEY idx_slug (slug);

ALTER TABLE photos
  ADD PRIMARY KEY (id),
  ADD KEY idx_user_id (user_id),
  ADD KEY idx_category (category),
  ADD KEY idx_batch_id (batch_id),
  ADD KEY idx_created_at (created_at),
  ADD KEY idx_file_hash (file_hash),
  ADD KEY idx_album_id (album_id);

ALTER TABLE photo_edits
  ADD PRIMARY KEY (id),
  ADD KEY idx_photo_id (photo_id),
  ADD KEY idx_editor_id (editor_id),
  ADD KEY idx_created_at (created_at);

ALTER TABLE users
  ADD PRIMARY KEY (id),
  ADD UNIQUE KEY username (username),
  ADD KEY idx_username (username),
  ADD KEY idx_role (role);

ALTER TABLE views
  ADD PRIMARY KEY (id),
  ADD KEY idx_photo_id (photo_id),
  ADD KEY idx_user_id (user_id),
  ADD KEY idx_created_at (created_at);


ALTER TABLE categories
  MODIFY id int(10) UNSIGNED NOT NULL AUTO_INCREMENT;

ALTER TABLE photos
  MODIFY id int(10) UNSIGNED NOT NULL AUTO_INCREMENT;

ALTER TABLE photo_edits
  MODIFY id int(10) UNSIGNED NOT NULL AUTO_INCREMENT;

ALTER TABLE users
  MODIFY id int(10) UNSIGNED NOT NULL AUTO_INCREMENT;

ALTER TABLE views
  MODIFY id int(10) UNSIGNED NOT NULL AUTO_INCREMENT;
